Genre,combined score,Reading ONLY,Working Memory ONLY
Indian Classical,0.2707084869,0.9048,3.3422
Indian Classical,0.2838221381,0.8571,3.0200
Indian Classical,0.2624822228,0.5238,1.9956
Indian Classical,0.2974038212,0.9048,3.0422
Indian Classical,0.2367028683,0.8095,3.4200
