Genre,combined score,Reading ONLY,Working Memory ONLY
Jazz,0.5584950029,90.48%,1.6200
Jazz,0.3792684291,95.24%,2.5111
Jazz,0.847136678,80.95%,0.9556
Jazz,0.2550974855,47.62%,1.8667
