Genre,combined score,Reading ONLY,Working Memory ONLY
Pop,0.3076750445,0.8095,2.6311
Pop,0.2694088341,0.6190,2.2978
Pop,0.3119185643,0.9524,3.0533
Pop,0.2234895394,0.8095,3.6222
Pop,0.35601125,1.0000,2.8089
