Genre,combined score,Reading ONLY,Working Memory ONLY
Rock,0.5137876425,0.8095,1.5756
Rock,0.3306878307,0.4762,1.4400
Rock,0.3314731838,0.8095,2.4422
Rock,0.2332337717,0.7619,3.2667
Rock,0.3299860375,0.7619,2.3089
